#exp_cfg={"servo_angle": 0.0, "laser_lim": 100.0, "servo_angle_to": 0.0, "laser_wup": 0.0, "laser_power_measured1": 0.0, "laser_power_measured0": 0.0, "bt_dev": "", "laser_wdn_max": 0.0, "frames": 2.0, "servo_used": 0, "servo_calib_use": 0, "laser_wdn_min": 0.0, "servo_pix_from": 0.0, "laser_attenuate": 100.0, "cooler_tout": 300.0, "laser_auto": 0, "servo_angle_from": 0.0, "servo_calib": "", "laser_autoctl": 0, "servo_pix_to": 0.0, "laser_pw": 100.0, "cooler_on": 0, "laser_volt": 4.0, "laser_power": 0.0, "cooler_autoctl": 0, "cooler_curr": 70.0, "cooler_startup": 10.0, "laser_power_measured2": 0.0, "gain": 1.4999999999999996, "laser_power_ref1": 0.0, "offset": 2.5, "servo_calib_degree": 3.0, "laser_curr": 0.0, "laser_power_ref0": 0.0, "shutter": 0.0, "servo_calib_step": 2.0, "exp": 100.0, "ccd_volt": 4.7, "bt_addr": "", "servo_delay": 500.0, "laser_autooff": 0, "laser_power_ref2": 0.0}
#proc_cfg={"yconv": 1, "base_wnd": 100.0, "sub_baseline": 0, "flatten": 0, "flatten_strength": 95.0, "xfrom": 32.0, "auto_ini_exp": 100.0, "auto_signal": 48000.0, "autoclip": 1, "auto_total_exp": 50000.0, "xrel_range": 10.0, "intensity_adj": 1.0, "xrel": 5320.0, "auto_bckg": 0, "auto_exp": 1, "rmhot": 1, "subbackg": 1, "shutter_clip_adj": 0.0, "auto_max_frame": 2000.0, "auto_off": 0, "xto": 3682.0, "auto_max_exp": 1000.0, "xconv": 3, "autobackg": 1, "xrel_adj": 0.0}
713.5175645437396 43.81881533101023
713.7187212778045 51.81881533101023
713.9198668830659 67.81881533101023
714.1210013566712 59.81881533101023
714.3221246957681 51.81881533101023
714.5232368975046 51.81881533101023
714.7243379590282 27.818815331010228
714.9254278774866 31.818815331010228
715.1265066500276 43.81881533101023
715.327574273799 55.81881533101023
715.5286307459482 67.81881533101023
715.7296760636231 51.81881533101023
715.9307102239715 23.818815331010228
716.1317332241409 31.818815331010228
716.3327450612793 35.81881533101023
716.533745732534 41.81881533101023
716.7347352350531 47.81881533101023
716.9357135659842 39.81881533101023
717.1366807224749 47.81881533101023
717.337636701673 67.81881533101023
717.5385815007261 51.81881533101023
717.7395151167821 53.81881533101023
717.9404375469885 55.81881533101023
718.1413487884932 71.81881533101023
718.3422488384438 59.81881533101023
718.543137693988 47.81881533101023
718.7440153522737 43.81881533101023
718.9448818104484 45.81881533101023
719.1457370656597 47.81881533101023
719.3465811150556 55.81881533101023
719.5474139557838 43.81881533101023
719.7482355849918 39.81881533101023
719.9490459998273 39.81881533101023
720.1498451974383 51.81881533101023
720.3506331749722 37.81881533101023
720.551409929577 55.81881533101023
720.7521754584002 43.81881533101023
720.9529297585896 55.81881533101023
721.1536728272928 59.81881533101023
721.3544046616574 63.81881533101023
721.5551252588317 63.81881533101023
721.7558346159627 53.81881533101023
721.9565327301985 43.81881533101023
722.1572195986868 51.81881533101023
722.3578952185751 51.81881533101023
722.5585595870114 51.81881533101023
722.7592127011433 59.81881533101023
722.9598545581182 47.81881533101023
723.1604851550843 39.81881533101023
723.361104489189 37.81881533101023
723.5617125575801 35.81881533101023
723.7623093574053 27.818815331010228
723.9628948858124 39.81881533101023
724.163469139949 51.81881533101023
724.3640321169629 45.81881533101023
724.5645838140017 55.81881533101023
724.765124228213 47.81881533101023
724.965653356745 49.81881533101023
725.1661711967448 51.81881533101023
725.3666777453606 59.81881533101023
725.5671729997397 39.81881533101023
725.7676569570301 43.81881533101023
725.9681296143796 47.81881533101023
726.1685909689355 23.818815331010228
726.3690410178458 13.818815331010228
726.5694797582582 3.818815331010228
726.7699071873205 27.818815331010228
726.9703233021801 35.81881533101023
727.1707280999849 43.81881533101023
727.3711215778827 39.81881533101023
727.571503733021 35.81881533101023
727.7718745625477 39.81881533101023
727.9722340636104 43.81881533101023
728.1725822333568 51.81881533101023
728.3729190689347 51.81881533101023
728.5732445674918 51.81881533101023
728.7735587261757 83.81881533101023
728.9738615421342 71.81881533101023
729.1741530125149 47.81881533101023
729.3744331344658 39.81881533101023
729.5747019051344 63.81881533101023
729.7749593216682 63.81881533101023
729.9752053812153 61.81881533101023
730.1754400809232 59.81881533101023
730.3756634179397 71.81881533101023
730.5758753894124 51.81881533101023
730.7760759924893 27.818815331010228
730.9762652243177 35.81881533101023
731.1764430820455 55.81881533101023
731.3766095628204 51.81881533101023
731.5767646637902 63.81881533101023
731.7769083821024 43.81881533101023
731.977040714905 19.818815331010228
732.1771616593454 23.818815331010228
732.3772712125716 35.81881533101023
732.577369371731 47.81881533101023
732.7774561339717 47.81881533101023
732.9775314964411 51.81881533101023
733.1775954562869 47.81881533101023
733.3776480106569 23.818815331010228
733.577689156699 23.818815331010228
733.7777188915607 31.818815331010228
733.9777372123897 39.81881533101023
734.1777441163337 47.81881533101023
734.3777396005405 43.81881533101023
734.5777236621577 47.81881533101023
734.7776962983332 35.81881533101023
734.9776575062147 39.81881533101023
735.1776072829496 43.81881533101023
735.377545625686 51.81881533101023
735.5774725315712 67.81881533101023
735.7773879977533 65.81881533101023
735.9772920213799 63.81881533101023
736.1771845995986 71.81881533101023
736.3770657295572 55.81881533101023
736.5769354084033 67.81881533101023
736.7767936332846 47.81881533101023
736.9766404013492 55.81881533101023
737.1764757097442 51.81881533101023
737.3762995556178 43.81881533101023
737.5761119361175 51.81881533101023
737.775912848391 49.81881533101023
737.9757022895863 47.81881533101023
738.1754802568505 47.81881533101023
738.3752467473319 49.81881533101023
738.5750017581779 51.81881533101023
738.7747452865364 63.81881533101023
738.9744773295548 55.81881533101023
739.1741978843812 47.81881533101023
739.3739069481632 43.81881533101023
739.5736045180481 23.818815331010228
739.7732905911841 39.81881533101023
739.972965164719 75.81881533101023
740.1726282358001 63.81881533101023
740.3722798015752 39.81881533101023
740.5719198591921 51.81881533101023
740.7715484057986 67.81881533101023
740.9711654385422 71.81881533101023
741.170770954571 67.81881533101023
741.3703649510322 51.81881533101023
741.5699474250737 51.81881533101023
741.7695183738433 75.81881533101023
741.9690777944886 63.81881533101023
742.1686256841576 39.81881533101023
742.3681620399975 27.818815331010228
742.5676868591565 31.818815331010228
742.7672001387821 67.81881533101023
742.966701876022 83.81881533101023
743.1661920680237 79.81881533101023
743.3656707119354 83.81881533101023
743.5651378049045 87.81881533101023
743.7645933440788 67.81881533101023
743.9640373266059 67.81881533101023
744.1634697496336 47.81881533101023
744.3628906103095 51.81881533101023
744.5622999057814 27.818815331010228
744.7616976331972 23.818815331010228
744.9610837897042 43.81881533101023
745.1604583724504 51.81881533101023
745.3598213785835 59.81881533101023
745.5591728052511 63.81881533101023
745.7585126496011 91.81881533101023
745.957840908781 91.81881533101023
746.1571575799385 75.81881533101023
746.3564626602214 67.81881533101023
746.5557561467774 69.81881533101023
746.7550380367543 71.81881533101023
746.9543083272996 75.81881533101023
747.1535670155612 51.81881533101023
747.3528140986867 39.81881533101023
747.5520495738241 51.81881533101023
747.7512734381206 43.81881533101023
747.9504856887243 63.81881533101023
748.1496863227828 83.81881533101023
748.3488753374437 67.81881533101023
748.5480527298548 59.81881533101023
748.747218497164 71.81881533101023
748.9463726365186 71.81881533101023
749.1455151450667 71.81881533101023
749.3446460199559 67.81881533101023
749.5437652583337 67.81881533101023
749.742872857348 61.81881533101023
749.9419688141464 55.81881533101023
750.141053125877 63.81881533101023
750.340125789687 63.81881533101023
750.5391868027243 63.81881533101023
750.7382361621367 67.81881533101023
750.9372738650718 63.81881533101023
751.1362999086772 75.81881533101023
751.335314290101 51.81881533101023
751.5343170064905 71.81881533101023
751.7333080549936 71.81881533101023
751.9322874327581 71.81881533101023
752.1312551369314 51.81881533101023
752.3302111646616 55.81881533101023
752.5291555130962 63.81881533101023
752.7280881793829 51.81881533101023
752.9270091606693 67.81881533101023
753.1259184541034 83.81881533101023
753.3248160568327 83.81881533101023
753.5237019660051 59.81881533101023
753.722576178768 47.81881533101023
753.9214386922692 59.81881533101023
754.1202895036567 67.81881533101023
754.319128610078 67.81881533101023
754.5179560086809 67.81881533101023
754.7167716966129 67.81881533101023
754.9155756710219 67.81881533101023
755.1143679290556 75.81881533101023
755.3131484678615 55.81881533101023
755.5119172845876 67.81881533101023
755.7106743763815 99.81881533101023
755.9094197403908 87.81881533101023
756.1081533737635 55.81881533101023
756.3068752736469 51.81881533101023
756.5055854371891 55.81881533101023
756.7042838615374 67.81881533101023
756.90297054384 63.81881533101023
757.1016454812442 77.81881533101023
757.300308670898 91.81881533101023
757.4989601099489 71.81881533101023
757.6975997955446 75.81881533101023
757.8962277248331 71.81881533101023
758.0948438949617 59.81881533101023
758.2934483030785 75.81881533101023
758.4920409463309 63.81881533101023
758.6906218218669 55.81881533101023
758.8891909268339 63.81881533101023
759.0877482583799 75.81881533101023
759.2862938136524 83.81881533101023
759.4848275897991 63.81881533101023
759.6833495839679 71.81881533101023
759.8818597933065 91.81881533101023
760.0803582149623 99.81881533101023
760.2788448460833 99.81881533101023
760.4773196838172 103.81881533101023
760.6757827253116 99.81881533101023
760.8742339677143 91.81881533101023
761.0726734081729 83.81881533101023
761.2711010438352 67.81881533101023
761.469516871849 63.81881533101023
761.6679208893618 87.81881533101023
761.8663130935214 83.81881533101023
762.0646934814756 93.81881533101023
762.263062050372 79.81881533101023
762.4614187973582 87.81881533101023
762.6597637195822 103.81881533101023
762.8580968141916 103.81881533101023
763.056418078334 89.81881533101023
763.2547275091572 75.81881533101023
763.4530251038088 87.81881533101023
763.6513108594366 111.81881533101023
763.8495847731886 87.81881533101023
764.0478468422119 115.81881533101023
764.2460970636546 95.81881533101023
764.4443354346645 87.81881533101023
764.6425619523891 95.81881533101023
764.840776613976 107.81881533101023
765.0389794165733 119.81881533101023
765.2371703573283 135.81881533101023
765.4353494333891 111.81881533101023
765.633516641903 107.81881533101023
765.8316719800181 95.81881533101023
766.0298154448819 115.81881533101023
766.2279470336421 111.81881533101023
766.4260667434464 95.81881533101023
766.6241745714426 95.81881533101023
766.8222705147784 103.81881533101023
767.0203545706015 87.81881533101023
767.2184267360595 83.81881533101023
767.4164870083002 87.81881533101023
767.6145353844715 87.81881533101023
767.8125718617208 115.81881533101023
768.0105964371959 111.81881533101023
768.2086091080446 119.81881533101023
768.4066098714145 127.81881533101023
768.6045987244535 111.81881533101023
768.802575664309 115.81881533101023
769.0005406881289 107.81881533101023
769.1984937930611 103.81881533101023
769.396434976253 115.81881533101023
769.5943642348523 109.81881533101023
769.792281566007 103.81881533101023
769.9901869668645 119.81881533101023
770.1880804345726 115.81881533101023
770.3859619662793 95.81881533101023
770.5838315591319 91.81881533101023
770.7816892102783 119.81881533101023
770.9795349168662 127.81881533101023
771.1773686760433 135.81881533101023
771.3751904849574 119.81881533101023
771.5730003407559 119.81881533101023
771.770798240587 131.81881533101023
771.9685841815981 135.81881533101023
772.1663581609369 147.81881533101023
772.3641201757512 127.81881533101023
772.5618702231885 147.81881533101023
772.7596083003968 151.81881533101023
772.9573344045237 135.81881533101023
773.1550485327169 131.81881533101023
773.3527506821242 135.81881533101023
773.5504408498931 139.81881533101023
773.7481190331715 131.81881533101023
773.9457852291071 191.81881533101023
774.1434394348474 187.81881533101023
774.3410816475405 143.81881533101023
774.5387118643337 131.81881533101023
774.736330082375 151.81881533101023
774.9339362988119 171.81881533101023
775.1315305107922 179.81881533101023
775.3291127154638 175.81881533101023
775.526682909974 179.81881533101023
775.724241091471 151.81881533101023
775.921787257102 159.81881533101023
776.1193214040152 187.81881533101023
776.3168435293579 195.81881533101023
776.5143536302782 171.81881533101023
776.7118517039232 155.81881533101023
776.9093377474413 175.81881533101023
777.1068117579798 203.81881533101023
777.3042737326866 211.81881533101023
777.5017236687094 219.81881533101023
777.6991615631957 211.81881533101023
777.8965874132934 207.81881533101023
778.0940012161502 231.81881533101023
778.2914029689139 203.81881533101023
778.4887926687319 199.81881533101023
778.6861703127522 183.81881533101023
778.8835358981223 183.81881533101023
779.0808894219902 195.81881533101023
779.2782308815033 231.81881533101023
779.4755602738094 247.81881533101023
779.6728775960563 235.81881533101023
779.8701828453917 235.81881533101023
780.0674760189634 235.81881533101023
780.2647571139187 267.8188153310102
780.4620261274057 239.81881533101023
780.6592830565721 259.8188153310102
780.8565278985654 259.8188153310102
781.0537606505335 279.8188153310102
781.2509813096241 279.8188153310102
781.4481898729848 239.81881533101023
781.6453863377632 259.8188153310102
781.8425707011073 247.81881533101023
782.0397429601646 255.81881533101023
782.236903112083 271.8188153310102
782.43405115401 283.8188153310102
782.6311870830936 335.8188153310102
782.8283108964812 319.8188153310102
783.0254225913206 303.8188153310102
783.2225221647595 335.8188153310102
783.4196096139457 339.8188153310102
783.6166849360268 311.8188153310102
783.8137481281507 291.8188153310102
784.010799187465 323.8188153310102
784.2078381111172 311.8188153310102
784.4048648962553 339.8188153310102
784.6018795400271 339.8188153310102
784.7988820395799 379.8188153310102
784.9958723920616 343.8188153310102
785.1928505946202 363.8188153310102
785.3898166444029 399.8188153310102
785.5867705385577 387.8188153310102
785.7837122742324 379.8188153310102
785.9806418485745 363.8188153310102
786.1775592587319 379.8188153310102
786.3744645018521 391.8188153310102
786.571357575083 415.8188153310102
786.768238475572 451.8188153310102
786.9651072004673 435.8188153310102
787.1619637469163 411.8188153310102
787.3588081120666 395.8188153310102
787.5556402930663 419.8188153310102
787.7524602870628 435.8188153310102
787.9492680912039 455.8188153310102
788.1460637026373 447.8188153310102
788.3428471185107 443.8188153310102
788.5396183359718 439.8188153310102
788.7363773521682 415.8188153310102
788.9331241642479 455.8188153310102
789.1298587693585 467.8188153310102
789.3265811646477 467.8188153310102
789.523291347263 459.8188153310102
789.7199893143525 435.8188153310102
789.9166750630635 459.8188153310102
790.1133485905439 483.8188153310102
790.3100098939415 463.8188153310102
790.506658970404 491.8188153310102
790.7032958170789 487.8188153310102
790.8999204311142 471.8188153310102
791.0965328096572 495.8188153310102
791.2931329498562 475.8188153310102
791.4897208488584 479.8188153310102
791.6862965038117 475.8188153310102
791.8828599118638 487.8188153310102
792.0794110701625 479.8188153310102
792.2759499758553 471.8188153310102
792.47247662609 479.8188153310102
792.6689910180145 515.8188153310102
792.8654931487762 503.8188153310102
793.0619830155231 475.8188153310102
793.2584606154027 483.8188153310102
793.4549259455628 479.8188153310102
793.6513790031511 463.8188153310102
793.8478197853153 459.8188153310102
794.0442482892031 479.8188153310102
794.2406645119623 459.8188153310102
794.4370684507405 451.8188153310102
794.6334601026854 495.8188153310102
794.8298394649448 479.8188153310102
795.0262065346664 479.8188153310102
795.2225613089978 483.8188153310102
795.4189037850867 503.8188153310102
795.615233960081 491.8188153310102
795.8115518311284 511.8188153310102
796.0078573953765 503.8188153310102
796.204150649973 543.8188153310102
796.4004315920656 547.8188153310102
796.5967002188021 535.8188153310102
796.7929565273301 551.8188153310102
796.9892005147974 535.8188153310102
797.1854321783518 563.8188153310102
797.3816515151408 591.8188153310102
797.5778585223122 599.8188153310102
797.7740531970137 615.8188153310102
797.9702355363931 631.8188153310102
798.1664055375979 643.8188153310102
798.362563197776 675.8188153310102
798.5587085140751 711.8188153310102
798.7548414836428 715.8188153310102
798.950962103627 719.8188153310102
799.1470703711753 747.8188153310102
799.3431662834353 767.8188153310102
799.5392498375547 779.8188153310102
799.7353210306816 811.8188153310102
799.9313798599633 847.8188153310102
800.1274263225475 883.8188153310102
800.3234604155823 863.8188153310102
800.519482136215 863.8188153310102
800.7154914815935 891.8188153310102
800.9114884488656 871.8188153310102
801.1074730351787 851.8188153310102
801.3034452376808 875.8188153310102
801.4994050535195 887.8188153310102
801.6953524798424 887.8188153310102
801.8912875137975 943.8188153310102
802.0872101525323 935.8188153310102
802.2831203931946 899.8188153310102
802.4790182329319 907.8188153310102
802.6749036688923 919.8188153310102
802.8707766982232 911.8188153310102
803.0666373180724 887.8188153310102
803.2624855255876 915.8188153310102
803.4583213179164 887.8188153310102
803.6541446922068 871.8188153310102
803.8499556456064 883.8188153310102
804.0457541752628 851.8188153310102
804.2415402783236 839.8188153310102
804.4373139519369 847.8188153310102
804.6330751932499 831.8188153310102
804.8288239994108 823.8188153310102
805.024560367567 779.8188153310102
805.2202842948664 775.8188153310102
805.4159957784566 751.8188153310102
805.6116948154853 731.8188153310102
805.8073814031002 711.8188153310102
806.0030555384492 659.8188153310102
806.1987172186798 631.8188153310102
806.3943664409396 643.8188153310102
806.5900032023767 607.8188153310102
806.7856275001386 579.8188153310102
806.981239331373 567.8188153310102
807.1768386932275 551.8188153310102
807.3724255828499 491.8188153310102
807.5679999973881 483.8188153310102
807.7635619339896 423.8188153310102
807.959111389802 391.8188153310102
808.1546483619734 387.8188153310102
808.3501728476513 387.8188153310102
808.5456848439832 347.8188153310102
808.7411843481171 331.8188153310102
808.9366713572006 311.8188153310102
809.1321458683815 291.8188153310102
809.3276078788073 259.8188153310102
809.5230573856259 267.8188153310102
809.718494385985 247.81881533101023
809.9139188770321 227.81881533101023
810.1093308559152 195.81881533101023
810.3047303197819 183.81881533101023
810.5001172657799 191.81881533101023
810.6954916910569 195.81881533101023
810.8908535927605 223.81881533101023
811.0862029680386 239.81881533101023
811.281539814039 183.81881533101023
811.476864127909 163.81881533101023
811.6721759067966 143.81881533101023
811.8674751478496 139.81881533101023
812.0627618482156 131.81881533101023
812.2580360050422 139.81881533101023
812.4532976154771 123.81881533101023
812.6485466766683 127.81881533101023
812.8437831857632 107.81881533101023
813.0390071399096 123.81881533101023
813.2342185362554 135.81881533101023
813.4294173719479 131.81881533101023
813.6246036441353 135.81881533101023
813.8197773499651 143.81881533101023
814.0149384865848 135.81881533101023
814.2100870511424 147.81881533101023
814.4052230407855 143.81881533101023
814.6003464526617 167.81881533101023
814.795457283919 147.81881533101023
814.9905555317049 207.81881533101023
815.185641193167 351.8188153310102
815.3807142654533 763.8188153310102
815.5757747457113 1455.8188153310102
815.7708226310889 2419.8188153310102
815.9658579187335 3695.8188153310102
816.1608806057932 6075.81881533101
816.3558906894153 8835.818815331011
816.5508881667479 10119.818815331011
816.7458730349384 11215.818815331011
816.9408452911348 12435.818815331011
817.1358049324845 10295.818815331011
817.3307519561355 6447.81881533101
817.5256863592352 3519.8188153310102
817.7206081389315 1751.8188153310102
817.9155172923722 1023.8188153310102
818.110413816705 607.8188153310102
818.3052977090772 419.8188153310102
818.5001689666371 319.8188153310102
818.695027586532 283.8188153310102
818.8898735659099 267.8188153310102
819.0847069019181 215.81881533101023
819.2795275917048 211.81881533101023
819.4743356324174 211.81881533101023
819.6691310212036 183.81881533101023
819.8639137552112 199.81881533101023
820.0586838315882 199.81881533101023
820.2534412474818 183.81881533101023
820.4481860000399 163.81881533101023
820.6429180864101 131.81881533101023
820.8376375037406 119.81881533101023
821.0323442491784 119.81881533101023
821.2270383198718 99.81881533101023
821.4217197129683 95.81881533101023
821.6163884256155 111.81881533101023
821.8110444549613 119.81881533101023
822.0056877981531 103.81881533101023
822.2003184523389 107.81881533101023
822.3949364146665 103.81881533101023
822.5895416822834 71.81881533101023
822.7841342523373 71.81881533101023
822.978714121976 87.81881533101023
823.1732812883471 83.81881533101023
823.3678357485984 83.81881533101023
823.5623774998776 91.81881533101023
823.7569065393324 75.81881533101023
823.9514228641107 67.81881533101023
824.1459264713598 75.81881533101023
824.3404173582276 67.81881533101023
824.534895521862 59.81881533101023
824.7293609594105 47.81881533101023
824.9238136680209 67.81881533101023
825.118253644841 59.81881533101023
825.3126808870181 51.81881533101023
825.5070953917005 47.81881533101023
825.7014971560354 47.81881533101023
825.895886177171 59.81881533101023
826.0902624522544 79.81881533101023
826.2846259784337 71.81881533101023
826.4789767528567 67.81881533101023
826.6733147726709 63.81881533101023
826.8676400350241 55.81881533101023
827.0619525370639 71.81881533101023
827.2562522759383 67.81881533101023
827.4505392487947 63.81881533101023
827.6448134527807 27.818815331010228
827.8390748850445 35.81881533101023
828.0333235427333 55.81881533101023
828.2275594229952 59.81881533101023
828.4217825229778 27.818815331010228
828.6159928398287 63.81881533101023
828.8101903706956 31.818815331010228
829.0043751127265 35.81881533101023
829.1985470630686 35.81881533101023
829.3927062188702 27.818815331010228
829.5868525772787 31.818815331010228
829.7809861354417 19.818815331010228
829.9751068905073 43.81881533101023
830.1692148396226 63.81881533101023
830.3633099799357 51.81881533101023
830.5573923085946 37.81881533101023
830.7514618227464 23.818815331010228
830.9455185195391 39.81881533101023
831.1395623961205 47.81881533101023
831.3335934496381 51.81881533101023
831.5276116772399 55.81881533101023
831.7216170760734 39.81881533101023
831.9156096432862 53.81881533101023
832.1095893760263 43.81881533101023
832.3035562714413 19.818815331010228
832.4975103266786 3.818815331010228
832.6914515388866 19.818815331010228
832.8853799052124 23.818815331010228
833.0792954228039 35.81881533101023
833.2731980888086 21.818815331010228
833.4670879003748 7.818815331010228
833.6609648546495 3.818815331010228
833.8548289487811 55.81881533101023
834.0486801799168 63.81881533101023
834.2425185452045 47.81881533101023
834.4363440417917 31.818815331010228
834.6301566668266 23.818815331010228
834.8239564174564 35.81881533101023
835.0177432908291 41.81881533101023
835.2115172840922 47.81881533101023
835.4052783943937 51.81881533101023
835.599026618881 63.81881533101023
835.7927619547021 61.81881533101023
835.9864843990047 59.81881533101023
836.180193948936 67.81881533101023
836.3738906016442 63.81881533101023
836.567574354277 51.81881533101023
836.7612452039818 35.81881533101023
836.9549031479067 27.818815331010228
837.1485481831994 31.818815331010228
837.3421803070072 35.81881533101023
837.535799516478 39.81881533101023
837.7294058087598 59.81881533101023
837.922999181 35.81881533101023
838.1165796303463 31.818815331010228
838.3101471539464 35.81881533101023
838.5037017489483 39.81881533101023
838.6972434124995 31.818815331010228
838.8907721417476 23.818815331010228
839.0842879338404 27.818815331010228
839.2777907859257 47.81881533101023
839.4712806951513 47.81881533101023
839.6647576586645 61.81881533101023
839.8582216736137 55.81881533101023
840.0516727371457 67.81881533101023
840.245110846409 55.81881533101023
840.4385359985511 51.81881533101023
840.6319481907194 65.81881533101023
840.8253474200617 49.81881533101023
841.0187336837262 59.81881533101023
841.21210697886 51.81881533101023
841.405467302611 37.81881533101023
841.5988146521271 23.818815331010228
841.7921490245559 11.818815331010228
841.9854704170451 15.818815331010228
842.1787788267424 23.818815331010228
842.3720742507954 35.81881533101023
842.5653566863521 47.81881533101023
842.7586261305598 67.81881533101023
842.9518825805666 55.81881533101023
843.1451260335201 57.81881533101023
843.3383564865678 59.81881533101023
843.5315739368576 43.81881533101023
843.7247783815374 35.81881533101023
843.9179698177546 43.81881533101023
844.111148242657 35.81881533101023
844.3043136533921 29.818815331010228
844.497466047108 23.818815331010228
844.6906054209524 35.81881533101023
844.8837317720725 27.818815331010228
845.0768450976166 35.81881533101023
845.2699453947322 39.81881533101023
845.4630326605668 31.818815331010228
845.6561068922686 39.81881533101023
845.8491680869845 31.818815331010228
846.0422162418632 39.81881533101023
846.2352513540516 33.81881533101023
846.4282734206979 43.81881533101023
846.6212824389495 51.81881533101023
846.8142784059544 59.81881533101023
847.0072613188601 59.81881533101023
847.2002311748143 43.81881533101023
847.393187970965 39.81881533101023
847.5861317044595 31.818815331010228
847.7790623724457 27.818815331010228
847.9719799720715 39.81881533101023
848.1648845004842 31.818815331010228
848.3577759548319 43.81881533101023
848.5506543322621 39.81881533101023
848.7435196299226 47.81881533101023
848.936371844961 83.81881533101023
849.1292109745251 83.81881533101023
849.3220370157626 67.81881533101023
849.5148499658211 51.81881533101023
849.7076498218485 39.81881533101023
849.9004365809924 15.818815331010228
850.0932102404006 23.818815331010228
850.2859707972206 15.818815331010228
850.4787182486004 7.818815331010228
850.6714525916875 31.818815331010228
850.8641738236296 47.81881533101023
851.0568819415746 43.81881533101023
851.2495769426699 43.81881533101023
851.4422588240637 31.818815331010228
851.6349275829032 23.818815331010228
851.8275832163366 35.81881533101023
852.0202257215111 39.81881533101023
852.2128550955746 43.81881533101023
852.4054713356749 47.81881533101023
852.5980744389597 47.81881533101023
852.7906644025767 27.818815331010228
852.9832412236735 27.818815331010228
853.1758048993981 27.818815331010228
853.3683554268977 47.81881533101023
853.5608928033205 43.81881533101023
853.7534170258141 43.81881533101023
853.945928091526 39.81881533101023
854.1384259976043 67.81881533101023
854.3309107411962 47.81881533101023
854.5233823194498 23.818815331010228
854.7158407295126 27.818815331010228
854.9082859685325 27.818815331010228
855.1007180336568 15.818815331010228
855.2931369220338 27.818815331010228
855.485542630811 47.81881533101023
855.6779351571358 43.81881533101023
855.8703144981562 35.81881533101023
856.06268065102 35.81881533101023
856.2550336128746 31.818815331010228
856.4473733808679 27.818815331010228
856.6396999521476 23.818815331010228
856.8320133238615 39.81881533101023
857.024313493157 43.81881533101023
857.2166004571824 35.81881533101023
857.4088742130846 23.818815331010228
857.6011347580119 19.818815331010228
857.7933820891118 43.81881533101023
857.9856162035321 59.81881533101023
858.1778370984206 19.818815331010228
858.3700447709247 15.818815331010228
858.5622392181924 27.818815331010228
858.7544204373713 43.81881533101023
858.9465884256091 39.81881533101023
859.1387431800534 31.818815331010228
859.3308846978522 27.818815331010228
859.523012976153 35.81881533101023
859.7151280121036 35.81881533101023
859.9072298028516 35.81881533101023
860.0993183455446 43.81881533101023
860.2913936373309 49.81881533101023
860.4834556753574 55.81881533101023
860.6755044567723 63.81881533101023
860.8675399787232 53.81881533101023
861.059562238358 43.81881533101023
861.2515712328243 33.81881533101023
861.4435669592694 43.81881533101023
861.6355494148416 31.818815331010228
861.8275185966883 43.81881533101023
862.0194745019573 55.81881533101023
862.2114171277965 51.81881533101023
862.4033464713532 31.818815331010228
862.5952625297753 15.818815331010228
862.7871653002105 35.81881533101023
862.9790547798063 19.818815331010228
863.1709309657111 23.818815331010228
863.3627938550719 29.818815331010228
863.5546434450367 35.81881533101023
863.7464797327532 27.818815331010228
863.938302715369 35.81881533101023
864.1301123900321 27.818815331010228
864.3219087538897 31.818815331010228
864.5136918040902 23.818815331010228
864.7054615377805 31.818815331010228
864.897217952109 39.81881533101023
865.0889610442231 51.81881533101023
865.2806908112707 63.81881533101023
865.4724072503992 67.81881533101023
865.6641103587565 55.81881533101023
865.8558001334902 23.818815331010228
866.0474765717481 31.818815331010228
866.2391396706782 55.81881533101023
866.4307894274276 47.81881533101023
866.6224258391445 31.818815331010228
866.8140489029763 31.818815331010228
867.0056586160711 31.818815331010228
867.1972549755761 23.818815331010228
867.3888379786395 27.818815331010228
867.5804076224088 39.81881533101023
867.7719639040313 47.81881533101023
867.9635068206553 43.81881533101023
868.1550363694284 39.81881533101023
868.3465525474983 51.81881533101023
868.5380553520126 39.81881533101023
868.7295447801189 11.818815331010228
868.9210208289653 19.818815331010228
869.112483495699 29.818815331010228
869.303932777468 39.81881533101023
869.4953686714201 39.81881533101023
869.6867911747029 43.81881533101023
869.8782002844642 47.81881533101023
870.0695959978515 59.81881533101023
870.2609783120126 31.818815331010228
870.4523472240951 -0.18118466898977204
870.6437027312471 27.818815331010228
870.8350448306161 51.81881533101023
871.0263735193497 47.81881533101023
871.2176887945956 35.81881533101023
871.4089906535016 31.818815331010228
871.6002790932155 7.818815331010228
871.7915541108848 27.818815331010228
871.9828157036573 47.81881533101023
872.174063868681 31.818815331010228
872.3652986031029 27.818815331010228
872.5565199040715 31.818815331010228
872.7477277687342 35.81881533101023
872.9389221942383 43.81881533101023
873.1301031777323 19.818815331010228
873.3212707163633 11.818815331010228
873.5124248072792 23.818815331010228
873.7035654476279 35.81881533101023
873.8946926345567 39.81881533101023
874.0858063652137 57.81881533101023
874.2769066367462 75.81881533101023
874.4679934463026 75.81881533101023
874.6590667910298 59.81881533101023
874.850126668076 43.81881533101023
875.0411730745888 31.818815331010228
875.2322060077158 19.818815331010228
875.4232254646049 19.818815331010228
875.6142314424036 23.818815331010228
875.8052239382599 27.818815331010228
875.9962029493214 27.818815331010228
876.1871684727357 31.818815331010228
876.3781205056505 35.81881533101023
876.5690590452135 39.81881533101023
876.7599840885727 27.818815331010228
876.9508956328752 35.81881533101023
877.1417936752696 33.81881533101023
877.3326782129028 31.818815331010228
877.5235492429231 21.818815331010228
877.7144067624777 11.818815331010228
877.9052507687145 15.818815331010228
878.0960812587815 51.81881533101023
878.286898229826 51.81881533101023
878.4777016789958 39.81881533101023
878.6684916034388 43.81881533101023
878.8592680003028 45.81881533101023
879.0500308667349 47.81881533101023
879.2407801998836 35.81881533101023
879.4315159968959 27.818815331010228
879.62223825492 27.818815331010228
879.8129469711035 35.81881533101023
880.0036421425942 43.81881533101023
880.1943237665394 39.81881533101023
880.3849918400872 39.81881533101023
880.5756463603851 39.81881533101023
880.7662873245812 37.81881533101023
880.9569147298228 35.81881533101023
881.1475285732573 35.81881533101023
881.3381288520334 35.81881533101023
881.5287155632981 35.81881533101023
881.719288704199 35.81881533101023
881.9098482718842 47.81881533101023
882.1003942635014 23.818815331010228
882.2909266761981 -32.18118466898977
882.4814455071221 -120.18118466898977
882.6719507534211 -32.18118466898977
882.862442412243 91.81881533101023
883.052920480735 115.81881533101023
883.2433849560454 79.81881533101023
883.4338358353216 55.81881533101023
883.6242731157112 107.81881533101023
883.8146967943624 95.81881533101023
884.0051068684222 63.81881533101023
884.195503335039 35.81881533101023
884.3858861913601 27.818815331010228
884.5762554345332 11.818815331010228
884.7666110617062 19.818815331010228
884.9569530700268 15.818815331010228
885.1472814566426 11.818815331010228
885.3375962187016 11.818815331010228
885.527897353351 29.818815331010228
885.7181848577387 47.81881533101023
885.9084587290126 71.81881533101023
886.0987189643204 59.81881533101023
886.2889655608094 69.81881533101023
886.479198515628 79.81881533101023
886.6694178259233 71.81881533101023
886.8596234888431 59.81881533101023
887.0498155015357 47.81881533101023
887.2399938611482 43.81881533101023
887.4301585648282 27.818815331010228
887.6203096097239 15.818815331010228
887.8104469929827 11.818815331010228
888.0005707117525 27.818815331010228
888.1906807631809 47.81881533101023
888.3807771444157 35.81881533101023
888.5708598526041 27.818815331010228
888.7609288848947 31.818815331010228
888.9509842384348 35.81881533101023
889.1410259103719 39.81881533101023
889.3310538978537 47.81881533101023
889.5210681980283 35.81881533101023
889.7110688080433 19.818815331010228
889.9010557250461 31.818815331010228
890.0910289461847 35.81881533101023
890.2809884686067 27.818815331010228
890.4709342894599 55.81881533101023
890.6608664058919 23.818815331010228
890.8507848150505 55.81881533101023
891.0406895140834 43.81881533101023
891.2305805001381 37.81881533101023
891.4204577703625 31.818815331010228
891.6103213219045 43.81881533101023
891.8001711519115 31.818815331010228
891.9900072575314 39.81881533101023
892.1798296359117 39.81881533101023
892.3696382842003 39.81881533101023
892.559433199545 43.81881533101023
892.7492143790932 43.81881533101023
892.9389818199927 41.81881533101023
893.1287355193915 39.81881533101023
893.3184754744368 41.81881533101023
893.5082016822769 43.81881533101023
893.6979141400592 39.81881533101023
893.8876128449313 35.81881533101023
894.0772977940411 31.818815331010228
894.2669689845363 47.81881533101023
894.4566264135644 19.818815331010228
894.6462700782733 27.818815331010228
894.8358999758108 19.818815331010228
895.0255161033244 47.81881533101023
895.2151184579619 53.81881533101023
895.4047070368712 59.81881533101023
895.5942818371996 51.81881533101023
895.783842856095 45.81881533101023
895.9733900907053 39.81881533101023
896.1629235381781 27.818815331010228
896.352443195661 15.818815331010228
896.5419490603017 7.818815331010228
896.731441129248 19.818815331010228
896.9209193996478 31.818815331010228
897.1103838686482 35.81881533101023
897.2998345333978 23.818815331010228
897.4892713910434 35.81881533101023
897.6786944387334 23.818815331010228
897.868103673615 19.818815331010228
898.0574990928362 35.81881533101023
898.2468806935449 39.81881533101023
898.4362484728885 31.818815331010228
898.6256024280146 47.81881533101023
898.8149425560714 39.81881533101023
899.004268854206 35.81881533101023
899.1935813195666 47.81881533101023
899.3828799493007 63.81881533101023
899.572164740556 43.81881533101023
899.7614356904803 19.818815331010228
899.9506927962215 31.818815331010228
900.1399360549269 51.81881533101023
900.329165463744 67.81881533101023
900.5183810198214 35.81881533101023
900.7075827203062 63.81881533101023
900.8967705623461 27.818815331010228
901.0859445430888 19.818815331010228
901.2751046596823 7.818815331010228
901.4642509092744 31.818815331010228
901.6533832890121 51.81881533101023
901.8425017960438 51.81881533101023
902.031606427517 47.81881533101023
902.2206971805794 55.81881533101023
902.4097740523785 47.81881533101023
902.5988370400624 67.81881533101023
902.7878861407786 55.81881533101023
902.9769213516747 23.818815331010228
903.1659426698986 15.818815331010228
903.354950092598 51.81881533101023
903.5439436169206 63.81881533101023
903.732923240014 39.81881533101023
903.9218889590259 39.81881533101023
904.1108407711042 33.81881533101023
904.2997786733965 27.818815331010228
904.4887026630506 43.81881533101023
904.6776127372141 47.81881533101023
904.8665088930345 43.81881533101023
905.05539112766 39.81881533101023
905.244259438238 47.81881533101023
905.4331138219161 49.81881533101023
905.6219542758423 51.81881533101023
905.8107807971643 47.81881533101023
905.9995933830296 35.81881533101023
906.188392030586 15.818815331010228
906.3771767369811 23.818815331010228
906.565947499363 31.818815331010228
906.7547043148788 37.81881533101023
906.9434471806769 43.81881533101023
907.1321760939045 33.81881533101023
907.3208910517094 39.81881533101023
907.5095920512395 31.818815331010228
907.6982790896424 39.81881533101023
907.8869521640656 59.81881533101023
908.0756112716572 61.81881533101023
908.2642564095647 63.81881533101023
908.4528875749359 47.81881533101023
908.6415047649183 35.81881533101023
908.83010797666 43.81881533101023
909.0186972073082 45.81881533101023
909.2072724540109 47.81881533101023
909.3958337139156 51.81881533101023
909.5843809841706 35.81881533101023
909.7729142619231 35.81881533101023
909.9614335443209 43.81881533101023
910.1499388285116 23.818815331010228
910.3384301116432 27.818815331010228
910.5269073908632 31.818815331010228
910.7153706633192 19.818815331010228
910.9038199261593 31.818815331010228
911.0922551765309 47.81881533101023
911.2806764115818 39.81881533101023
911.4690836284597 39.81881533101023
911.6574768243121 39.81881533101023
911.8458559962871 63.81881533101023
912.0342211415324 51.81881533101023
912.2225722571955 47.81881533101023
912.4109093404238 63.81881533101023
912.5992323883656 55.81881533101023
912.7875413981685 47.81881533101023
912.97583636698 47.81881533101023
913.1641172919477 37.81881533101023
913.3523841702197 27.818815331010228
913.5406369989436 39.81881533101023
913.7288757752667 35.81881533101023
913.9171004963373 31.818815331010228
914.1053111593028 29.818815331010228
914.293507761311 27.818815331010228
914.4816902995095 35.81881533101023
914.6698587710459 41.81881533101023
914.8580131730685 47.81881533101023
915.0461535027243 63.81881533101023
915.2342797571615 59.81881533101023
915.4223919335276 31.818815331010228
915.6104900289702 39.81881533101023
915.7985740406373 29.818815331010228
915.9866439656762 19.818815331010228
916.174699801235 19.818815331010228
916.3627415444614 27.818815331010228
916.5507691925028 35.81881533101023
916.738782742507 43.81881533101023
916.9267821916221 43.81881533101023
917.1147675369954 43.81881533101023
917.3027387757745 43.81881533101023
917.4906959051077 41.81881533101023
917.6786389221422 39.81881533101023
917.8665678240259 39.81881533101023
918.0544826079064 47.81881533101023
918.2423832709313 39.81881533101023
918.4302698102489 59.81881533101023
918.6181422230062 59.81881533101023
918.8060005063513 59.81881533101023
918.9938446574317 51.81881533101023
919.1816746733955 47.81881533101023
919.3694905513897 43.81881533101023
919.5572922885628 39.81881533101023
919.7450798820621 31.818815331010228
919.9328533290354 31.818815331010228
920.1206126266304 31.818815331010228
920.3083577719947 39.81881533101023
920.4960887622761 35.81881533101023
920.6838055946224 23.818815331010228
920.8715082661813 19.818815331010228
921.0591967741002 35.81881533101023
921.2468711155273 21.818815331010228
921.4345312876097 7.818815331010228
921.6221772874957 19.818815331010228
921.8098091123327 43.81881533101023
921.9974267592686 43.81881533101023
922.185030225451 63.81881533101023
922.3726195080275 63.81881533101023
922.5601946041461 67.81881533101023
922.7477555109541 67.81881533101023
922.9353022255997 67.81881533101023
923.12283474523 63.81881533101023
923.3103530669935 61.81881533101023
923.4978571880368 59.81881533101023
923.6853471055089 55.81881533101023
923.8728228165568 27.818815331010228
924.0602843183282 19.818815331010228
924.2477316079709 35.81881533101023
924.4351646826326 39.81881533101023
924.622583539461 35.81881533101023
924.809988175604 31.818815331010228
924.997378588209 27.818815331010228
925.1847547744239 31.818815331010228
925.3721167313964 43.81881533101023
925.5594644562741 63.81881533101023
925.746797946205 43.81881533101023
925.9341171983364 63.81881533101023
926.1214222098163 51.81881533101023
926.3087129777923 47.81881533101023
926.4959894994123 23.818815331010228
926.6832517718237 11.818815331010228
926.8704997921744 27.818815331010228
927.0577335576121 31.818815331010228
927.2449530652844 47.81881533101023
927.432158312339 59.81881533101023
927.6193492959239 43.81881533101023
927.8065260131865 43.81881533101023
927.9936884612747 39.81881533101023
928.1808366373361 35.81881533101023
928.3679705385184 15.818815331010228
928.5550901619694 23.818815331010228
928.7421955048369 -0.18118466898977204
928.9292865642683 -0.18118466898977204
929.1163633374115 25.818815331010228
929.3034258214142 51.81881533101023
929.4904740134241 43.81881533101023
929.6775079105889 41.81881533101023
929.8645275100564 39.81881533101023
930.0515328089741 67.81881533101023
930.2385238044901 39.81881533101023
930.4255004937517 27.818815331010228
930.6124628739068 35.81881533101023
930.799410942103 33.81881533101023
930.9863446954881 31.818815331010228
931.1732641312097 43.81881533101023
931.3601692464159 23.818815331010228
931.5470600382539 27.818815331010228
931.7339365038717 23.818815331010228
931.9207986404169 35.81881533101023
932.1076464450373 59.81881533101023
932.2944799148806 63.81881533101023
932.4812990470946 51.81881533101023
932.6681038388266 39.81881533101023
932.8548942872246 35.81881533101023
933.0416703894365 33.81881533101023
933.2284321426098 31.818815331010228
933.415179543892 27.818815331010228
933.6019125904313 35.81881533101023
933.7886312793751 39.81881533101023
933.9753356078709 39.81881533101023
934.162025573067 33.81881533101023
934.3487011721106 43.81881533101023
934.5353624021496 35.81881533101023
934.7220092603318 27.818815331010228
934.9086417438048 23.818815331010228
935.0952598497163 27.818815331010228
935.281863575214 47.81881533101023
935.4684529174456 63.81881533101023
935.6550278735588 47.81881533101023
935.8415884407016 31.818815331010228
936.0281346160212 43.81881533101023
936.2146663966656 23.818815331010228
936.4011837797827 7.818815331010228
936.5876867625199 19.818815331010228
936.774175342025 31.818815331010228
936.9606495154458 43.81881533101023
937.1471092799296 43.81881533101023
937.3335546326249 27.818815331010228
937.5199855706787 19.818815331010228
937.706402091239 31.818815331010228
937.8928041914536 19.818815331010228
938.0791918684699 39.81881533101023
938.265565119436 59.81881533101023
938.4519239414992 51.81881533101023
938.6382683318076 31.818815331010228
938.8245982875087 19.818815331010228
939.0109138057502 27.818815331010228
939.1972148836797 23.818815331010228
939.3835015184453 19.818815331010228
939.5697737071944 15.818815331010228
939.7560314470747 19.818815331010228
939.942274735234 35.81881533101023
940.1285035688201 35.81881533101023
940.3147179449807 39.81881533101023
940.5009178608632 35.81881533101023
940.6871033136156 27.818815331010228
940.8732743003857 31.818815331010228
941.0594308183208 29.818815331010228
941.2455728645691 27.818815331010228
941.431700436278 27.818815331010228
941.6178135305952 25.818815331010228
941.8039121446684 23.818815331010228
941.9899962756456 27.818815331010228
942.1760659206742 31.818815331010228
942.3621210769022 23.818815331010228
942.5481617414771 3.818815331010228
942.7341879115465 9.818815331010228
942.9201995842584 15.818815331010228
943.1061967567603 23.818815331010228
943.2921794261999 35.81881533101023
943.4781475897253 43.81881533101023
943.6641012444836 35.81881533101023
943.8500403876227 31.818815331010228
944.0359650162907 27.818815331010228
944.221875127635 31.818815331010228
944.4077707188032 33.81881533101023
944.5936517869435 35.81881533101023
944.779518329203 31.818815331010228
944.9653703427296 31.818815331010228
945.1512078246711 31.818815331010228
945.3370307721755 31.818815331010228
945.5228391823897 27.818815331010228
945.7086330524623 19.818815331010228
945.8944123795405 31.818815331010228
946.0801771607723 33.81881533101023
946.265927393305 35.81881533101023
946.4516630742867 43.81881533101023
946.6373842008649 39.81881533101023
946.8230907701875 35.81881533101023
947.0087827794019 43.81881533101023
947.194460225656 35.81881533101023
947.3801231060977 41.81881533101023
947.5657714178745 47.81881533101023
947.751405158134 47.81881533101023
947.9370243240243 3.818815331010228
948.1226289126926 23.818815331010228
948.3082189212868 25.818815331010228
948.4937943469547 27.818815331010228
948.6793551868443 7.818815331010228
948.8649014381026 23.818815331010228
949.050433097878 23.818815331010228
949.2359501633179 23.818815331010228
949.4214526315697 7.818815331010228
949.6069404997819 7.818815331010228
949.7924137651014 39.81881533101023
949.9778724246764 39.81881533101023
950.1633164756543 23.818815331010228
950.3487459151831 7.818815331010228
950.5341607404105 19.818815331010228
950.719560948484 29.818815331010228
950.9049465365513 39.81881533101023
951.0903175017604 47.81881533101023
951.2756738412587 35.81881533101023
951.4610155521941 39.81881533101023
951.6463426317143 23.818815331010228
951.8316550769669 31.818815331010228
952.0169528850996 51.81881533101023
952.2022360532603 31.818815331010228
952.3875045785966 51.81881533101023
952.5727584582561 51.81881533101023
952.7579976893867 45.81881533101023
952.9432222691361 55.81881533101023
953.1284321946517 47.81881533101023
953.3136274630817 43.81881533101023
953.4988080715733 45.81881533101023
953.6839740172747 47.81881533101023
953.8691252973333 47.81881533101023
954.0542619088968 23.818815331010228
954.2393838491131 55.81881533101023
954.4244911151297 31.818815331010228
954.6095837040946 59.81881533101023
954.7946616131552 47.81881533101023
954.9797248394594 39.81881533101023
955.1647733801547 39.81881533101023
955.3498072323891 39.81881533101023
955.5348263933101 39.81881533101023
955.7198308600655 43.81881533101023
955.904820629803 39.81881533101023
956.0897956996705 31.818815331010228
956.2747560668155 19.818815331010228
956.4597017283853 23.818815331010228
956.6446326815283 39.81881533101023
956.829548923392 63.81881533101023
957.0144504511239 51.81881533101023
957.199337261872 19.818815331010228
957.384209352784 47.81881533101023
957.5690667210072 47.81881533101023
957.7539093636897 47.81881533101023
957.938737277979 51.81881533101023
958.1235504610231 51.81881533101023
958.3083489099696 79.81881533101023
958.493132621966 63.81881533101023
958.67790159416 61.81881533101023
958.8626558236996 59.81881533101023
959.0473953077326 67.81881533101023
959.232120043406 55.81881533101023
959.4168300278685 23.818815331010228
959.6015252582671 23.818815331010228
959.7862057317495 27.818815331010228
959.9708714454639 29.818815331010228
960.1555223965577 31.818815331010228
960.3401585821784 15.818815331010228
960.524779999474 7.818815331010228
960.7093866455925 31.818815331010228
960.893978517681 39.81881533101023
961.0785556128876 33.81881533101023
961.2631179283599 27.818815331010228
961.4476654612456 31.818815331010228
961.6321982086922 51.81881533101023
961.8167161678477 47.81881533101023
962.00121933586 23.818815331010228
962.1857077098764 23.818815331010228
962.3701812870447 43.81881533101023
962.5546400645126 43.81881533101023
962.739084039428 37.81881533101023
962.9235132089385 31.818815331010228
963.1079275701919 19.818815331010228
963.2923271203356 19.818815331010228
963.4767118565176 31.818815331010228
963.6610817758856 37.81881533101023
963.8454368755872 43.81881533101023
964.0297771527701 39.81881533101023
964.2141026045822 31.818815331010228
964.3984132281709 27.818815331010228
964.582709020684 27.818815331010228
964.7669899792694 35.81881533101023
964.9512561010749 55.81881533101023
965.135507383248 43.81881533101023
965.3197438229361 23.818815331010228
965.5039654172875 41.81881533101023
965.6881721634496 35.81881533101023
965.87236405857 55.81881533101023
966.056541099797 63.81881533101023
966.2407032842773 43.81881533101023
966.4248506091596 49.81881533101023
966.6089830715912 55.81881533101023
966.7931006687195 55.81881533101023
966.9772033976927 23.818815331010228
967.1612912556584 19.818815331010228
967.3453642397642 27.818815331010228
967.5294223471577 35.81881533101023
967.7134655749869 19.818815331010228
967.8974939203994 19.818815331010228
968.0815073805428 19.818815331010228
968.265505952565 19.818815331010228
968.4494896336134 51.81881533101023
968.6334584208362 55.81881533101023
968.8174123113807 53.81881533101023
969.0013513023947 51.81881533101023
969.1852753910259 59.81881533101023
969.3691845744222 39.81881533101023
969.5530788497312 47.81881533101023
969.7369582141004 31.818815331010228
969.9208226646776 43.81881533101023
970.1046721986107 31.818815331010228
970.2885068130475 45.81881533101023
970.4723265051355 35.81881533101023
970.6561312720221 47.81881533101023
970.8399211108556 39.81881533101023
971.0236960187834 23.818815331010228
971.2074559929533 27.818815331010228
971.3912010305128 31.818815331010228
971.5749311286099 47.81881533101023
971.7586462843923 43.81881533101023
971.9423464950075 31.818815331010228
972.1260317576032 47.81881533101023
972.3097020693273 37.81881533101023
972.4933574273276 27.818815331010228
972.6769978287514 31.818815331010228
972.8606232707468 47.81881533101023
973.0442337504613 39.81881533101023
973.2278292650428 27.818815331010228
973.4114098116388 23.818815331010228
973.5949753873971 31.818815331010228
973.7785259894654 39.81881533101023
973.9620616149914 47.81881533101023
974.1455822611227 47.81881533101023
974.3290879250075 45.81881533101023
974.512578603793 43.81881533101023
974.6960542946268 31.818815331010228
974.879514994657 43.81881533101023
975.0629607010314 47.81881533101023
975.2463914108973 47.81881533101023
975.4298071214027 43.81881533101023
975.6132078296953 43.81881533101023
975.7965935329224 31.818815331010228
975.9799642282323 43.81881533101023
976.1633199127722 59.81881533101023
976.3466605836904 45.81881533101023
976.529986238134 57.81881533101023
976.713296873251 47.81881533101023
976.8965924861892 51.81881533101023
977.079873074096 31.818815331010228
977.2631386341196 35.81881533101023
977.4463891634072 35.81881533101023
977.6296246591068 23.818815331010228
977.812845118366 31.818815331010228
977.9960505383326 51.81881533101023
978.1792409161542 51.81881533101023
978.3624162489784 47.81881533101023
978.5455765339535 49.81881533101023
978.7287217682264 51.81881533101023
978.9118519489454 55.81881533101023
979.0949670732582 53.81881533101023
979.2780671383119 51.81881533101023
979.461152141255 51.81881533101023
979.6442220792345 39.81881533101023
979.8272769493985 43.81881533101023
980.0103167488949 31.818815331010228
980.193341474871 33.81881533101023
980.3763511244748 35.81881533101023
980.559345694854 27.818815331010228
980.7423251831558 23.818815331010228
980.9252895865287 19.818815331010228
981.1082389021198 23.818815331010228
981.2911731270772 19.818815331010228
981.4740922585482 13.818815331010228
981.656996293681 7.818815331010228
981.8398852296232 27.818815331010228
982.022759063522 35.81881533101023
982.2056177925257 43.81881533101023
982.3884614137817 47.81881533101023
982.5712899244379 39.81881533101023
982.7541033216418 23.818815331010228
982.9369016025415 15.818815331010228
983.1196847642841 31.818815331010228
983.302452804018 35.81881533101023
983.4852057188903 43.81881533101023
983.667943506049 45.81881533101023
983.8506661626419 47.81881533101023
984.0333736858163 39.81881533101023
984.2160660727207 35.81881533101023
984.398743320502 31.818815331010228
984.5814054263083 27.818815331010228
984.7640523872869 23.818815331010228
984.9466842005862 25.818815331010228
985.1293008633536 27.818815331010228
985.3119023727365 35.81881533101023
985.4944887258832 27.818815331010228
985.677059919941 39.81881533101023
985.8596159520578 51.81881533101023
986.0421568193808 67.81881533101023
986.2246825190584 47.81881533101023
986.407193048238 23.818815331010228
986.5896884040674 -4.181184668989772
986.7721685836941 19.818815331010228
986.954633584266 35.81881533101023
987.1370834029309 -0.18118466898977204
987.3195180368363 27.818815331010228
987.50193748313 59.81881533101023
987.6843417389597 51.81881533101023
987.8667308014731 51.81881533101023
988.049104667818 31.818815331010228
988.2314633351419 35.81881533101023
988.4138068005926 55.81881533101023
988.5961350613181 19.818815331010228
988.7784481144656 63.81881533101023
988.9607459571832 27.818815331010228
989.1430285866187 43.81881533101023
989.3252959999193 39.81881533101023
989.5075481942331 41.81881533101023
989.6897851667076 33.81881533101023
989.8720069144908 35.81881533101023
990.0542134347303 39.81881533101023
990.2364047245735 31.818815331010228
990.4185807811685 43.81881533101023
990.600741601663 55.81881533101023
990.7828871832044 71.81881533101023
990.9650175229406 67.81881533101023
991.1471326180193 63.81881533101023
991.3292324655882 67.81881533101023
991.5113170627952 55.81881533101023
991.6933864067876 43.81881533101023
991.8754404947136 35.81881533101023
992.0574793237204 3.818815331010228
992.2395028909559 27.818815331010228
992.4215111935682 51.81881533101023
992.6035042287045 19.818815331010228
992.7854819935128 31.818815331010228
992.9674444851405 39.81881533101023
993.1493917007358 39.81881533101023
993.3313236374458 47.81881533101023
993.5132402924188 33.81881533101023
993.695141662802 55.81881533101023
993.8770277457437 39.81881533101023
994.0588985383911 51.81881533101023
994.2407540378921 35.81881533101023
994.4225942413943 19.818815331010228
994.6044191460456 3.818815331010228
994.7862287489934 7.818815331010228
994.9680230473859 35.81881533101023
995.1498020383704 31.818815331010228
995.3315657190948 37.81881533101023
995.5133140867067 43.81881533101023
995.6950471383537 23.818815331010228
995.876764871184 31.818815331010228
996.0584672823448 31.818815331010228
996.2401543689841 31.818815331010228
996.4218261282494 35.81881533101023
996.6034825572885 39.81881533101023
996.7851236532493 23.818815331010228
996.9667494132791 33.81881533101023
997.1483598345261 43.81881533101023
997.3299549141375 55.81881533101023
997.5115346492614 57.81881533101023
997.6930990370454 59.81881533101023
997.8746480746373 51.81881533101023
998.0561817591845 11.818815331010228
998.237700087835 31.818815331010228
998.4192030577364 37.81881533101023
998.6006906660363 43.81881533101023
998.7821629098828 27.818815331010228
998.9636197864231 23.818815331010228
999.1450612928053 27.818815331010228
999.326487426177 35.81881533101023
999.5078981836857 43.81881533101023
999.6892935624794 43.81881533101023
999.8706735597058 55.81881533101023
1000.0520381725124 35.81881533101023
1000.2333873980472 39.81881533101023
1000.4147212334574 43.81881533101023
1000.5960396758913 43.81881533101023
1000.7773427224963 35.81881533101023
1000.9586303704202 37.81881533101023
1001.1399026168107 39.81881533101023
1001.3211594588154 39.81881533101023
1001.5024008935821 19.818815331010228
1001.6836269182586 7.818815331010228
1001.8648375299924 23.818815331010228
1002.0460327259314 19.818815331010228
1002.2272125032232 31.818815331010228
1002.4083768590157 43.81881533101023
1002.5895257904562 51.81881533101023
1002.7706592946928 55.81881533101023
1002.9517773688731 35.81881533101023
1003.1328800101448 23.818815331010228
1003.3139672156558 35.81881533101023
1003.4950389825533 43.81881533101023
1003.6760953079854 47.81881533101023
1003.8571361890997 51.81881533101023
1004.0381616230441 55.81881533101023
1004.2191716069661 67.81881533101023
1004.4001661380134 47.81881533101023
1004.5811452133337 43.81881533101023
1004.7621088300751 39.81881533101023
1004.9430569853848 27.818815331010228
1005.1239896764106 19.818815331010228
1005.3049069003004 19.818815331010228
1005.485808654202 19.818815331010228
1005.6666949352626 27.818815331010228
1005.8475657406304 35.81881533101023
1006.028421067453 43.81881533101023
1006.209260912878 51.81881533101023
1006.3900852740535 35.81881533101023
1006.5708941481265 7.818815331010228
1006.7516875322453 23.818815331010228
1006.9324654235573 43.81881533101023
1007.1132278192105 51.81881533101023
1007.2939747163522 59.81881533101023
1007.4747061121304 47.81881533101023
1007.6554220036927 43.81881533101023
1007.8361223881872 39.81881533101023
1008.016807262761 55.81881533101023
1008.1974766245621 49.81881533101023
1008.3781304707384 43.81881533101023
1008.5587687984371 39.81881533101023
1008.7393916048062 31.818815331010228
1008.9199988869938 23.818815331010228
1009.1005906421469 27.818815331010228
1009.2811668674137 31.818815331010228
1009.4617275599418 31.818815331010228
1009.6422727168787 37.81881533101023
1009.8228023353724 43.81881533101023
1010.0033164125704 39.81881533101023
1010.1838149456205 27.818815331010228
1010.3642979316704 33.81881533101023
1010.5447653678681 39.81881533101023
1010.7252172513606 31.818815331010228
1010.9056535792964 27.818815331010228
1011.0860743488229 23.818815331010228
1011.2664795570875 31.818815331010228
1011.4468692012382 43.81881533101023
1011.6272432784228 29.818815331010228
1011.807601785789 39.81881533101023
1011.9879447204839 51.81881533101023
1012.1682720796562 47.81881533101023
1012.3485838604531 49.81881533101023
1012.5288800600222 51.81881533101023
1012.7091606755114 51.81881533101023
1012.8894257040683 23.818815331010228
1013.0696751428408 27.818815331010228
1013.2499089889764 25.818815331010228
1013.4301272396227 23.818815331010228
1013.6103298919277 27.818815331010228
1013.790516943039 39.81881533101023
1013.9706883901047 51.81881533101023
1014.1508442302717 43.81881533101023
1014.3309844606883 43.81881533101023
1014.5111090785019 37.81881533101023
1014.6912180808606 31.818815331010228
1014.8713114649115 27.818815331010228
1015.0513892278032 39.81881533101023
1015.2314513666824 39.81881533101023
1015.4114978786977 31.818815331010228
1015.5915287609962 27.818815331010228
1015.7715440107258 39.81881533101023
1015.9515436250346 35.81881533101023
1016.1315276010694 33.81881533101023
1016.3114959359788 31.818815331010228
1016.4914486269101 43.81881533101023
1016.671385671011 39.81881533101023
1016.8513070654293 37.81881533101023
1017.0312128073128 35.81881533101023
1017.2111028938091 35.81881533101023
1017.3909773220657 41.81881533101023
1017.570836089231 47.81881533101023
1017.7506791924519 43.81881533101023
1017.9305066288765 39.81881533101023
1018.1103183956523 31.818815331010228
1018.2901144899273 23.818815331010228
1018.4698949088491 15.818815331010228
1018.6496596495654 27.818815331010228
1018.8294087092239 39.81881533101023
1019.0091420849724 27.818815331010228
1019.1888597739584 39.81881533101023
1019.3685617733299 23.818815331010228
1019.5482480802342 19.818815331010228
1019.7279186918195 25.818815331010228
1019.9075736052331 31.818815331010228
1020.087212817623 35.81881533101023
1020.2668363261366 19.818815331010228
1020.4464441279218 -0.18118466898977204
1020.6260362201265 7.818815331010228
1020.805612599898 55.81881533101023
1020.9851732643845 95.81881533101023
1021.1647182107333 63.81881533101023
1021.3442474360924 39.81881533101023
1021.523760937609 39.81881533101023
1021.7032587124315 39.81881533101023
1021.8827407577071 39.81881533101023
1022.0622070705838 43.81881533101023
1022.2416576482092 19.818815331010228
1022.4210924877309 23.818815331010228
1022.6005115862969 47.81881533101023
1022.7799149410545 47.81881533101023
1022.9593025491519 27.818815331010228
1023.1386744077363 23.818815331010228
1023.3180305139558 27.818815331010228
1023.497370864958 37.81881533101023
1023.6766954578904 47.81881533101023
1023.8560042899011 43.81881533101023
1024.0352973581375 51.81881533101023
1024.2145746597475 47.81881533101023
1024.3938361918786 61.81881533101023
1024.573081951679 35.81881533101023
1024.7523119362957 47.81881533101023
1024.931526142877 39.81881533101023
1025.11072456857 35.81881533101023
1025.2899072105229 33.81881533101023
1025.4690740658834 31.818815331010228
1025.648225131799 23.818815331010228
1025.827360405418 23.818815331010228
1026.006479883887 29.818815331010228
1026.1855835643546 35.81881533101023
1026.364671443968 35.81881533101023
1026.5437435198753 23.818815331010228
1026.7227997892242 31.818815331010228
1026.9018402491622 39.81881533101023
1027.080864896837 39.81881533101023
1027.2598737293965 51.81881533101023
1027.4388667439882 45.81881533101023
1027.61784393776 39.81881533101023
1027.7968053078596 59.81881533101023
1027.9757508514344 51.81881533101023
1028.1546805656326 51.81881533101023
1028.3335944476016 47.81881533101023
1028.5124924944892 43.81881533101023
1028.6913747034428 35.81881533101023
1028.8702410716105 23.818815331010228
1029.0490915961402 33.81881533101023
1029.227926274179 19.818815331010228
1029.406745102875 19.818815331010228
1029.5855480793757 27.818815331010228
1029.7643352008295 39.81881533101023
1029.943106464383 51.81881533101023
1030.1218618671844 43.81881533101023
1030.3006014063817 35.81881533101023
1030.4793250791224 23.818815331010228
1030.6580328825542 31.818815331010228
1030.8367248138247 23.818815331010228
1031.0154008700817 27.818815331010228
1031.194061048473 31.818815331010228
1031.3727053461464 31.818815331010228
1031.5513337602492 47.81881533101023
1031.7299462879296 51.81881533101023
1031.9085429263348 45.81881533101023
1032.087123672613 39.81881533101023
1032.2656885239114 51.81881533101023
1032.4442374773782 31.818815331010228
1032.6227705301608 31.818815331010228
1032.8012876794073 27.818815331010228
1032.979788922265 35.81881533101023
1033.1582742558815 47.81881533101023
1033.336743677405 55.81881533101023
1033.5151971839828 43.81881533101023
1033.6936347727628 41.81881533101023
1033.8720564408927 39.81881533101023
1034.0504621855202 35.81881533101023
1034.2288520037932 35.81881533101023
1034.407225892859 33.81881533101023
1034.5855838498655 31.818815331010228
1034.7639258719605 27.818815331010228
1034.9422519562918 29.818815331010228
1035.1205621000067 31.818815331010228
1035.2988563002532 51.81881533101023
1035.477134554179 39.81881533101023
1035.655396858932 37.81881533101023
1035.8336432116594 35.81881533101023
1036.0118736095094 47.81881533101023
1036.1900880496294 23.818815331010228
1036.3682865291673 35.81881533101023
1036.5464690452707 19.818815331010228
1036.7246355950874 27.818815331010228
1036.9027861757652 59.81881533101023
1037.0809207844513 35.81881533101023
1037.259039418294 33.81881533101023
1037.4371420744408 31.818815331010228
1037.6152287500395 35.81881533101023
1037.7932994422376 43.81881533101023
1037.9713541481829 39.81881533101023
1038.149392865023 31.818815331010228
1038.327415589906 23.818815331010228
1038.505422319979 19.818815331010228
1038.6834130523905 31.818815331010228
1038.8613877842877 55.81881533101023
1039.0393465128182 63.81881533101023
1039.21728923513 51.81881533101023
1039.3952159483706 35.81881533101023
1039.5731266496878 37.81881533101023
1039.7510213362295 39.81881533101023
1039.928900005143 31.818815331010228
1040.1067626535764 31.818815331010228
1040.2846092786774 31.818815331010228
1040.4624398775934 31.818815331010228
1040.6402544474724 31.818815331010228
1040.8180529854621 39.81881533101023
1040.9958354887099 47.81881533101023
1041.1736019543637 51.81881533101023
1041.3513523795712 31.818815331010228
1041.52908676148 15.818815331010228
1041.7068050972382 27.818815331010228
1041.8845073839932 39.81881533101023
1042.0621936188927 39.81881533101023
1042.2398637990846 39.81881533101023
1042.4175179217164 33.81881533101023
1042.595155983936 37.81881533101023
1042.7727779828906 31.818815331010228
1042.9503839157287 39.81881533101023
1043.1279737795976 31.818815331010228
1043.3055475716449 45.81881533101023
1043.4831052890186 39.81881533101023
1043.660646928866 39.81881533101023
1043.8381724883352 43.81881533101023
1044.015681964574 35.81881533101023
1044.1931753547296 31.818815331010228
1044.3706526559502 39.81881533101023
1044.5481138653831 39.81881533101023
1044.7255589801764 35.81881533101023
1044.9029879974776 31.818815331010228
1045.0804009144344 39.81881533101023
1045.2577977281946 45.81881533101023
1045.4351784359058 51.81881533101023
1045.6125430347158 39.81881533101023
1045.7898915217725 51.81881533101023
1045.967223894223 39.81881533101023
1046.1445401492158 27.818815331010228
1046.321840283898 15.818815331010228
1046.4991242954172 23.818815331010228
1046.676392180922 31.818815331010228
1046.8536439375591 15.818815331010228
1047.030879562477 11.818815331010228
1047.208099052823 35.81881533101023
1047.3853024057448 59.81881533101023
1047.5624896183901 79.81881533101023
1047.739660687907 43.81881533101023
1047.9168156114424 35.81881533101023
1048.093954386145 27.818815331010228
1048.2710770091617 33.81881533101023
1048.448183477641 29.818815331010228
1048.6252737887296 35.81881533101023
1048.802347939576 43.81881533101023
1048.9794059273277 51.81881533101023
1049.1564477491324 47.81881533101023
1049.3334734021378 43.81881533101023
1049.5104828834915 39.81881533101023
1049.6874761903414 39.81881533101023
1049.8644533198353 41.81881533101023
1050.0414142691202 43.81881533101023
1050.2183590353447 51.81881533101023
1050.3952876156563 49.81881533101023
1050.5722000072024 47.81881533101023
1050.7490962071308 47.81881533101023
1050.9259762125894 47.81881533101023
1051.1028400207258 35.81881533101023
1051.2796876286877 47.81881533101023
1051.4565190336227 27.818815331010228
1051.6333342326786 51.81881533101023
1051.8101332230035 31.818815331010228
1051.9869160017445 23.818815331010228
1052.1636825660494 39.81881533101023
1052.3404329130663 39.81881533101023
1052.5171670399427 35.81881533101023
1052.693884943826 43.81881533101023
1052.8705866218647 35.81881533101023
1053.0472720712055 27.818815331010228
1053.223941288997 27.818815331010228
1053.4005942723863 19.818815331010228
1053.5772310185216 19.818815331010228
1053.75385152455 27.818815331010228
1053.9304557876198 35.81881533101023
1054.1070438048785 31.818815331010228
1054.2836155734738 35.81881533101023
1054.460171090553 31.818815331010228
1054.6367103532648 35.81881533101023
1054.813233358756 23.818815331010228
1054.9897401041746 27.818815331010228
1055.1662305866685 39.81881533101023
1055.342704803385 51.81881533101023
1055.5191627514723 59.81881533101023
1055.6956044280778 39.81881533101023
1055.8720298303492 27.818815331010228
1056.0484389554342 35.81881533101023
1056.2248318004808 35.81881533101023
1056.4012083626365 31.818815331010228
1056.577568639049 31.818815331010228
1056.7539126268662 31.818815331010228
1056.9302403232352 31.818815331010228
1057.1065517253044 23.818815331010228
1057.2828468302214 23.818815331010228
1057.4591256351337 7.818815331010228
1057.6353881371888 15.818815331010228
1057.811634333535 -4.181184668989772
1057.9878642213196 7.818815331010228
1058.1640777976904 15.818815331010228
1058.3402750597954 13.818815331010228
1058.5164560047817 11.818815331010228
1058.6926206297976 27.818815331010228
1058.8687689319902 35.81881533101023
1059.0449009085078 43.81881533101023
1059.221016556498 27.818815331010228
1059.397115873108 33.81881533101023
1059.5731988554865 39.81881533101023
1059.7492655007802 27.818815331010228
1059.9253158061372 39.81881533101023
1060.1013497687054 27.818815331010228
1060.2773673856323 15.818815331010228
1060.4533686540653 15.818815331010228
1060.6293535711532 27.818815331010228
1060.8053221340422 39.81881533101023
1060.981274339881 27.818815331010228
1061.1572101858176 23.818815331010228
1061.3331296689987 31.818815331010228
1061.5090327865726 47.81881533101023
1061.684919535687 43.81881533101023
1061.8607899134895 27.818815331010228
1062.0366439171278 43.81881533101023
1062.2124815437498 23.818815331010228
1062.388302790503 27.818815331010228
1062.564107654535 39.81881533101023
1062.7398961329939 35.81881533101023
1062.9156682230273 39.81881533101023
1063.0914239217825 43.81881533101023
1063.2671632264078 23.818815331010228
1063.4428861340505 43.81881533101023
1063.6185926418584 19.818815331010228
1063.7942827469792 15.818815331010228
1063.969956446561 27.818815331010228
1064.1456137377506 39.81881533101023
1064.321254617697 55.81881533101023
1064.4968790835464 39.81881533101023
1064.672487132448 55.81881533101023
1064.8480787615485 47.81881533101023
1065.0236539679959 39.81881533101023
1065.199212748938 31.818815331010228
1065.3747551015224 39.81881533101023
1065.5502810228968 39.81881533101023
1065.7257905102092 51.81881533101023
1065.9012835606068 51.81881533101023
1066.0767601712378 39.81881533101023
1066.2522203392496 31.818815331010228
1066.42766406179 19.818815331010228
1066.6030913360069 31.818815331010228
1066.7785021590475 43.81881533101023
1066.9538965280599 31.818815331010228
1067.129274440192 27.818815331010228
1067.3046358925908 39.81881533101023
1067.479980882405 39.81881533101023
1067.6553094067815 39.81881533101023
1067.8306214628685 31.818815331010228
1068.0059170478132 35.81881533101023
1068.181196158764 29.818815331010228
1068.356458792868 35.81881533101023
1068.531704947273 27.818815331010228
1068.706934619127 31.818815331010228
1068.8821478055775 55.81881533101023
1069.0573445037724 39.81881533101023
1069.232524710859 11.818815331010228
1069.4076884239855 19.818815331010228
1069.5828356402994 27.818815331010228
1069.7579663569481 35.81881533101023
1069.9330805710802 19.818815331010228
1070.1081782798424 23.818815331010228
1070.2832594803829 27.818815331010228
1070.4583241698497 31.818815331010228
1070.6333723453895 43.81881533101023
1070.808404004151 55.81881533101023
1070.9834191432817 47.81881533101023
1071.1584177599293 51.81881533101023
1071.3333998512412 55.81881533101023
1071.508365414365 43.81881533101023
1071.6833144464492 47.81881533101023
1071.8582469446408 23.818815331010228
1072.033162906088 35.81881533101023
1072.2080623279378 51.81881533101023
1072.3829452073387 45.81881533101023
1072.557811541438 39.81881533101023
1072.7326613273835 47.81881533101023
1072.9074945623229 31.818815331010228
1073.0823112434039 35.81881533101023
1073.2571113677743 39.81881533101023
1073.4318949325814 43.81881533101023
1073.6066619349735 43.81881533101023
1073.7814123720982 51.81881533101023
1073.9561462411027 27.818815331010228
1074.1308635391354 47.81881533101023
1074.3055642633433 27.818815331010228
1074.4802484108748 39.81881533101023
1074.6549159788772 45.81881533101023
1074.8295669644983 51.81881533101023
1075.0042013648858 39.81881533101023
1075.1788191771875 51.81881533101023
1075.353420398551 31.818815331010228
1075.528005026124 47.81881533101023
1075.7025730570545 27.818815331010228
1075.8771244884897 35.81881533101023
1076.0516593175776 29.818815331010228
1076.2261775414659 23.818815331010228
1076.4006791573024 39.81881533101023
1076.5751641622348 55.81881533101023
1076.7496325534107 59.81881533101023
1076.9240843279779 47.81881533101023
1077.098519483084 35.81881533101023
1077.2729380158764 35.81881533101023
1077.4473399235035 39.81881533101023
1077.6217252031124 35.81881533101023
1077.7960938518513 31.818815331010228
1077.970445866868 35.81881533101023
1078.1447812453093 31.818815331010228
1078.319099984324 31.818815331010228
1078.4934020810592 31.818815331010228
1078.6676875326625 23.818815331010228
1078.8419563362822 27.818815331010228
1079.0162084890655 39.81881533101023
1079.1904439881605 43.81881533101023
1079.3646628307142 19.818815331010228
1079.538865013875 19.818815331010228
1079.7130505347905 23.818815331010228
1079.8872193906086 23.818815331010228
1080.0613715784762 27.818815331010228
1080.2355070955416 31.818815331010228
1080.4096259389528 23.818815331010228
1080.5837281058568 27.818815331010228
1080.7578135934018 31.818815331010228
1080.9318823987355 37.81881533101023
1081.1059345190054 43.81881533101023
1081.2799699513591 43.81881533101023
1081.4539886929447 35.81881533101023
1081.6279907409098 33.81881533101023
1081.8019760924017 31.818815331010228
1081.975944744569 31.818815331010228
1082.1498966945583 35.81881533101023
1082.3238319395182 43.81881533101023
1082.497750476596 27.818815331010228
1082.6716523029395 43.81881533101023
1082.845537415696 43.81881533101023
1083.019405812014 43.81881533101023
1083.1932574890407 51.81881533101023
1083.367092443924 35.81881533101023
1083.5409106738114 27.818815331010228
1083.714712175851 27.818815331010228
1083.8884969471899 29.818815331010228
1084.0622649849763 31.818815331010228
1084.236016286358 39.81881533101023
1084.4097508484824 35.81881533101023
1084.583468668497 43.81881533101023
1084.75716974355 35.81881533101023
1084.930854070789 43.81881533101023
1085.1045216473617 31.818815331010228
1085.2781724704155 43.81881533101023
1085.4518065370983 51.81881533101023
1085.625423844558 47.81881533101023
1085.7990243899424 47.81881533101023
1085.9726081703986 47.81881533101023
1086.146175183075 55.81881533101023
1086.3197254251186 55.81881533101023
1086.4932588936779 61.81881533101023
1086.6667755859003 67.81881533101023
1086.8402754989331 59.81881533101023
1087.0137586299245 59.81881533101023
1087.187224976022 55.81881533101023
1087.3606745343734 51.81881533101023
1087.5341073021264 43.81881533101023
1087.7075232764287 41.81881533101023
1087.880922454428 39.81881533101023
1088.0543048332718 43.81881533101023
1088.2276704101082 39.81881533101023
1088.4010191820846 59.81881533101023
1088.574351146349 61.81881533101023
1088.7476663000489 63.81881533101023
1088.920964640332 59.81881533101023
1089.0942461643458 47.81881533101023
1089.2675108692388 43.81881533101023
1089.440758752158 39.81881533101023
1089.6139898102513 39.81881533101023
1089.7872040406662 47.81881533101023
1089.9604014405509 47.81881533101023
1090.1335820070528 49.81881533101023
1090.3067457373195 51.81881533101023
1090.4798926284989 47.81881533101023
1090.6530226777388 35.81881533101023
1090.8261358821867 35.81881533101023
1090.9992322389903 15.818815331010228
1091.1723117452973 19.818815331010228
1091.345374398256 35.81881533101023
1091.518420195013 39.81881533101023
1091.6914491327168 33.81881533101023
1091.864461208515 27.818815331010228
1092.0374564195554 35.81881533101023
1092.2104347629854 37.81881533101023
1092.383396235953 39.81881533101023
1092.5563408356056 47.81881533101023
1092.7292685590912 51.81881533101023
1092.9021794035573 47.81881533101023
1093.0750733661519 37.81881533101023
1093.2479504440223 27.818815331010228
1093.4208106343165 37.81881533101023
1093.5936539341822 47.81881533101023
1093.766480340767 63.81881533101023
1093.9392898512185 47.81881533101023
1094.1120824626848 31.818815331010228
1094.2848581723133 51.81881533101023
1094.457616977252 55.81881533101023
1094.6303588746482 31.818815331010228
1094.8030838616498 31.818815331010228
1094.9757919354047 39.81881533101023
1095.1484830930601 29.818815331010228
1095.3211573317644 19.818815331010228
1095.4938146486647 31.818815331010228
1095.666455040909 15.818815331010228
1095.8390785056451 35.81881533101023
1096.0116850400204 29.818815331010228
1096.1842746411833 47.81881533101023
1096.3568473062805 47.81881533101023
1096.5294030324603 55.81881533101023
1096.7019418168704 45.81881533101023
1096.8744636566585 55.81881533101023
1097.046968548972 51.81881533101023
1097.2194564909591 35.81881533101023
1097.3919274797672 23.818815331010228
1097.564381512544 43.81881533101023
1097.7368185864375 39.81881533101023
1097.9092386985951 35.81881533101023
1098.0816418461648 31.818815331010228
1098.2540280262938 37.81881533101023
1098.4263972361302 33.81881533101023
1098.5987494728217 39.81881533101023
1098.771084733516 31.818815331010228
1098.9434030153607 27.818815331010228
1099.1157043155035 43.81881533101023
1099.2879886310925 39.81881533101023
1099.4602559592747 35.81881533101023
1099.6325062971985 11.818815331010228
1099.804739642011 27.818815331010228
1099.9769559908607 31.818815331010228
1100.1491553408946 31.818815331010228
1100.3213376892604 35.81881533101023
1100.4935030331064 27.818815331010228
1100.6656513695798 39.81881533101023
1100.8377826958285 33.81881533101023
1101.0098970090003 47.81881533101023
1101.1819943062426 35.81881533101023
1101.3540745847035 39.81881533101023
1101.5261378415305 35.81881533101023
1101.6981840738713 31.818815331010228
1101.8702132788735 27.818815331010228
1102.0422254536852 15.818815331010228
1102.2142205954538 27.818815331010228
1102.386198701327 31.818815331010228
1102.5581597684527 35.81881533101023
1102.7301037939783 37.81881533101023
1102.9020307750518 39.81881533101023
1103.0739407088208 35.81881533101023
1103.2458335924332 39.81881533101023
1103.4177094230363 19.818815331010228
1103.5895681977781 23.818815331010228
1103.7614099138063 27.818815331010228
1103.9332345682687 11.818815331010228
1104.1050421583127 11.818815331010228
1104.2768326810863 27.818815331010228
1104.448606133737 27.818815331010228
1104.6203625134126 51.81881533101023
1104.7921018172608 47.81881533101023
1104.9638240424297 49.81881533101023
1105.1355291860662 51.81881533101023
1105.3072172453187 51.81881533101023
1105.4788882173343 23.818815331010228
1105.6505420992614 31.818815331010228
1105.8221788882474 47.81881533101023
1105.99379858144 67.81881533101023
1106.1654011759867 55.81881533101023
1106.3369866690355 35.81881533101023
1106.5085550577342 39.81881533101023
1106.68010633923 55.81881533101023
1106.8516405106711 59.81881533101023
1107.0231575692055 59.81881533101023
1107.1946575119798 55.81881533101023
1107.3661403361427 51.81881533101023
1107.5376060388414 35.81881533101023
1107.709054617224 19.818815331010228
1107.8804860684381 19.818815331010228
1108.051900389631 -0.18118466898977204
1108.2232975779511 -20.181184668989772
1108.3946776305454 3.818815331010228
1108.5660405445622 55.81881533101023
1108.7373863171488 83.81881533101023
1108.908714945453 39.81881533101023
1109.080026426623 23.818815331010228
1109.2513207578056 47.81881533101023
1109.4225979361493 51.81881533101023
1109.5938579588014 47.81881533101023
1109.7651008229097 51.81881533101023
1109.936326525622 35.81881533101023
1110.1075350640858 23.818815331010228
1110.278726435449 39.81881533101023
1110.4499006368594 55.81881533101023
1110.6210576654646 51.81881533101023
1110.7921975184122 43.81881533101023
1110.96332019285 37.81881533101023
1111.1344256859259 31.818815331010228
1111.3055139947871 31.818815331010228
1111.4765851165819 31.818815331010228
1111.6476390484574 31.818815331010228
1111.818675787562 31.818815331010228
1111.9896953310429 27.818815331010228
1112.160697676048 27.818815331010228
1112.331682819725 27.818815331010228
1112.5026507592215 27.818815331010228
1112.6736014916853 35.81881533101023
1112.8445350142642 27.818815331010228
1113.0154513241057 47.81881533101023
1113.186350418358 59.81881533101023
1113.357232294168 59.81881533101023
1113.5280969486842 59.81881533101023
1113.6989443790537 43.81881533101023
1113.8697745824245 37.81881533101023
1114.0405875559445 31.818815331010228
1114.2113832967611 35.81881533101023
1114.382161802022 37.81881533101023
1114.5529230688749 39.81881533101023
1114.723667094468 55.81881533101023
1114.8943938759483 71.81881533101023
1115.0651034104642 63.81881533101023
1115.2357956951628 35.81881533101023
1115.4064707271923 27.818815331010228
1115.5771285036997 43.81881533101023
1115.7477690218336 51.81881533101023
1115.918392278741 47.81881533101023
1116.0889982715703 47.81881533101023
1116.259586997469 59.81881533101023
1116.430158453584 41.81881533101023
1116.600712637064 51.81881533101023
1116.7712495450562 43.81881533101023
1116.9417691747085 43.81881533101023
1117.1122715231686 47.81881533101023
1117.2827565875843 43.81881533101023
1117.453224365103 39.81881533101023
1117.623674852873 23.818815331010228
1117.794108048041 37.81881533101023
1117.9645239477557 27.818815331010228
1118.1349225491645 47.81881533101023
1118.305303849415 59.81881533101023
1118.4756678456547 55.81881533101023
1118.6460145350316 51.81881533101023
1118.8163439146938 47.81881533101023
1118.986655981788 43.81881533101023
1119.156950733463 35.81881533101023
1119.3272281668658 27.818815331010228
1119.4974882791444 39.81881533101023
1119.6677310674463 63.81881533101023
1119.8379565289194 43.81881533101023
1120.0081646607116 15.818815331010228
1120.1783554599701 23.818815331010228
1120.3485289238429 39.81881533101023
1120.5186850494779 39.81881533101023
1120.688823834022 23.818815331010228
1120.8589452746241 27.818815331010228
1121.029049368431 31.818815331010228
1121.199136112591 35.81881533101023
1121.3692055042513 31.818815331010228
1121.53925754056 31.818815331010228
1121.7092922186646 31.818815331010228
1121.8793095357128 39.81881533101023
1122.0493094888525 47.81881533101023
1122.2192920752311 39.81881533101023
1122.3892572919965 11.818815331010228
1122.559205136297 11.818815331010228
1122.7291356052788 27.818815331010228
1122.8990486960913 63.81881533101023
1123.0689444058812 47.81881533101023
1123.2388227317963 41.81881533101023
1123.4086836709844 35.81881533101023
1123.5785272205935 51.81881533101023
1123.7483533777709 55.81881533101023
1123.9181621396644 39.81881533101023
1124.0879535034223 51.81881533101023
1124.2577274661915 31.818815331010228
1124.42748402512 27.818815331010228
1124.5972231773553 31.818815331010228
1124.7669449200457 35.81881533101023
1124.9366492503386 39.81881533101023
1125.1063361653814 15.818815331010228
1125.2760056623224 47.81881533101023
1125.4456577383087 23.818815331010228
1125.6152923904883 19.818815331010228
1125.7849096160091 13.818815331010228
1125.9545094120185 7.818815331010228
1126.1240917756645 19.818815331010228
1126.2936567040945 39.81881533101023
1126.4632041944562 35.81881533101023
1126.6327342438976 31.818815331010228
1126.8022468495662 27.818815331010228
1126.9717420086101 23.818815331010228
1127.1412197181762 25.818815331010228
1127.3106799754132 27.818815331010228
1127.480122777468 35.81881533101023
1127.6495481214886 39.81881533101023
1127.8189560046228 43.81881533101023
1127.9883464240186 31.818815331010228
1128.1577193768228 39.81881533101023
1128.327074860184 35.81881533101023
1128.4964128712495 31.818815331010228
1128.665733407167 39.81881533101023
1128.8350364650844 39.81881533101023
1129.0043220421492 15.818815331010228
1129.1735901355091 19.818815331010228
1129.342840742312 21.818815331010228
1129.5120738597059 23.818815331010228
1129.6812894848379 27.818815331010228
1129.8504876148559 39.81881533101023
1130.0196682469077 51.81881533101023
1130.188831378141 55.81881533101023
1130.3579770057036 51.81881533101023
1130.527105126743 51.81881533101023
1130.696215738407 27.818815331010228
1130.8653088378433 31.818815331010228
1131.0343844221995 67.81881533101023
1131.2034424886238 59.81881533101023
1131.3724830342633 55.81881533101023
1131.541506056266 51.81881533101023
1131.7105115517795 39.81881533101023
1131.879499517952 39.81881533101023
1132.0484699519304 23.818815331010228
1132.217422850863 15.818815331010228
1132.386358211897 19.818815331010228
1132.5552760321807 35.81881533101023
1132.7241763088616 23.818815331010228
1132.8930590390871 35.81881533101023
1133.0619242200053 55.81881533101023
1133.2307718487639 51.81881533101023
1133.39960192251 31.818815331010228
1133.5684144383922 39.81881533101023
1133.7372093935578 27.818815331010228
1133.9059867851545 39.81881533101023
1134.0747466103298 51.81881533101023
1134.243488866232 43.81881533101023
1134.4122135500081 59.81881533101023
1134.5809206588062 67.81881533101023
1134.749610189774 39.81881533101023
1134.9182821400595 63.81881533101023
1135.0869365068097 27.818815331010228
1135.2555732871726 19.818815331010228
1135.4241924782964 15.818815331010228
1135.592794077328 23.818815331010228
1135.7613780814158 23.818815331010228
1135.9299444877074 35.81881533101023
1136.09849329335 35.81881533101023
1136.2670244954918 19.818815331010228
1136.4355380912803 15.818815331010228
1136.6040340778632 19.818815331010228
1136.7725124523886 39.81881533101023
1136.9409732120037 39.81881533101023
1137.1094163538564 39.81881533101023
1137.2778418750945 31.818815331010228
1137.4462497728655 23.818815331010228
1137.6146400443172 25.818815331010228
1137.7830126865979 27.818815331010228
1137.951367696854 23.818815331010228
1138.1197050722344 31.818815331010228
1138.2880248098863 31.818815331010228
1138.4563269069574 31.818815331010228
1138.6246113605957 27.818815331010228
1138.7928781679486 39.81881533101023
1138.961127326164 31.818815331010228
1139.1293588323892 23.818815331010228
1139.2975726837726 19.818815331010228
1139.4657688774616 27.818815331010228
1139.6339474106037 27.818815331010228
1139.8021082803468 37.81881533101023
1139.9702514838386 47.81881533101023
1140.1383770182267 59.81881533101023
1140.3064848806591 55.81881533101023
1140.4745750682832 43.81881533101023
1140.6426475782469 31.818815331010228
1140.8107024076976 35.81881533101023
1140.9787395537837 27.818815331010228
1141.1467590136522 7.818815331010228
1141.314760784451 23.818815331010228
1141.482744863328 47.81881533101023
1141.6507112474308 63.81881533101023
1141.8186599339072 49.81881533101023
1141.9865909199045 35.81881533101023
1142.1545042025707 27.818815331010228
1142.3223997790537 47.81881533101023
1142.4902776465012 31.818815331010228
1142.6581378020608 37.81881533101023
1142.8259802428797 43.81881533101023
1142.9938049661064 31.818815331010228
1143.1616119688883 33.81881533101023
1143.3294012483732 35.81881533101023
1143.4971728017085 39.81881533101023
1143.6649266260422 35.81881533101023
1143.832662718522 31.818815331010228
1144.0003810762953 27.818815331010228
1144.1680816965104 39.81881533101023
1144.3357645763142 31.818815331010228
1144.5034297128552 27.818815331010228
1144.6710771032808 35.81881533101023
1144.8387067447386 37.81881533101023
1145.0063186343764 39.81881533101023
1145.1739127693418 47.81881533101023
1145.3414891467828 43.81881533101023
1145.5090477638469 55.81881533101023
1145.6765886176818 39.81881533101023
1145.8441117054354 29.818815331010228
1146.011617024255 19.818815331010228
1146.1791045712887 35.81881533101023
1146.346574343684 43.81881533101023
1146.5140263385888 51.81881533101023
1146.6814605531508 43.81881533101023
1146.8488769845176 55.81881533101023
1147.0162756298366 43.81881533101023
1147.1836564862563 55.81881533101023
1147.3510195509236 51.81881533101023
1147.5183648209866 39.81881533101023
1147.685692293593 29.818815331010228
1147.8530019658906 45.81881533101023
1148.0202938350271 31.818815331010228
1148.1875678981498 31.818815331010228
1148.354824152407 35.81881533101023
1148.522062594946 35.81881533101023
1148.6892832229146 37.81881533101023
1148.8564860334604 39.81881533101023
1149.0236710237314 55.81881533101023
1149.190838190875 47.81881533101023
1149.3579875320393 39.81881533101023
1149.5251190443716 47.81881533101023
1149.69223272502 47.81881533101023
1149.8593285711318 35.81881533101023
1150.0264065798551 39.81881533101023
1150.1934667483374 43.81881533101023
1150.3605090737262 51.81881533101023
1150.5275335531699 39.81881533101023
1150.6945401838154 29.818815331010228
1150.861528962811 47.81881533101023
1151.028499887304 39.81881533101023
1151.1954529544423 35.81881533101023
1151.3623881613735 35.81881533101023
1151.5293055052457 43.81881533101023
1151.6962049832061 39.81881533101023
1151.8630865924029 35.81881533101023
1152.0299503299832 39.81881533101023
1152.196796193095 55.81881533101023
1152.3636241788863 51.81881533101023
1152.5304342845045 39.81881533101023
1152.6972265070974 31.818815331010228
1152.8640008438128 35.81881533101023
1153.030757291798 27.818815331010228
1153.1974958482012 41.81881533101023
1153.36421651017 31.818815331010228
1153.5309192748523 39.81881533101023
1153.697604139395 39.81881533101023
1153.8642711009466 15.818815331010228
1154.0309201566547 27.818815331010228
1154.1975513036664 51.81881533101023
1154.3641645391303 59.81881533101023
1154.5307598601935 35.81881533101023
1154.697337264004 35.81881533101023
1154.8638967477095 43.81881533101023
1155.0304383084576 29.818815331010228
1155.196961943396 35.81881533101023
1155.3634676496727 27.818815331010228
1155.5299554244348 51.81881533101023
1155.6964252648304 59.81881533101023
1155.8628771680073 51.81881533101023
1156.029311131113 43.81881533101023
1156.1957271512954 19.818815331010228
1156.3621252257021 31.818815331010228
1156.5285053514808 47.81881533101023
1156.6948675257795 35.81881533101023
1156.861211745745 31.818815331010228
1157.0275380085263 19.818815331010228
1157.1938463112701 35.81881533101023
1157.3601366511245 23.818815331010228
1157.5264090252374 31.818815331010228
1157.692663430756 31.818815331010228
1157.8588998648288 31.818815331010228
1158.0251183246025 11.818815331010228
1158.1913188072253 35.81881533101023
1158.3575013098452 35.81881533101023
1158.5236658296096 27.818815331010228
1158.6898123636663 35.81881533101023
1158.855940909163 39.81881533101023
1159.0220514632474 43.81881533101023
1159.188144023067 47.81881533101023
1159.35421858577 35.81881533101023
1159.5202751485035 27.818815331010228
1159.6863137084158 39.81881533101023
1159.852334262654 47.81881533101023
1160.0183368083665 47.81881533101023
1160.1843213427005 37.81881533101023
1160.3502878628037 27.818815331010228
1160.5162363658242 23.818815331010228
1160.6821668489094 43.81881533101023
1160.8480793092072 31.818815331010228
1161.013973743865 43.81881533101023
1161.1798501500307 23.818815331010228
1161.3457085248524 27.818815331010228
1161.511548865477 35.81881533101023
1161.677371169053 31.818815331010228
1161.8431754327275 29.818815331010228
1162.0089616536486 27.818815331010228
1162.174729828964 39.81881533101023
1162.340479955821 23.818815331010228
1162.5062120313676 11.818815331010228
1162.6719260527518 23.818815331010228
1162.8376220171208 35.81881533101023
1163.0032999216226 35.81881533101023
1163.168959763405 31.818815331010228
1163.3346015396153 47.81881533101023
1163.5002252474017 23.818815331010228
1163.6658308839112 3.818815331010228
1163.8314184462924 31.818815331010228
1163.9969879316927 27.818815331010228
1164.1625393372594 15.818815331010228
1164.3280726601406 19.818815331010228
1164.493587897484 31.818815331010228
1164.6590850464374 43.81881533101023
1164.824564104148 35.81881533101023
1164.9900250677642 33.81881533101023
1165.155467934433 31.818815331010228
1165.3208927013027 31.818815331010228
1165.4862993655206 43.81881533101023
1165.651687924235 55.81881533101023
1165.8170583745928 55.81881533101023
1165.9824107137424 19.818815331010228
1166.147744938831 3.818815331010228
1166.3130610470066 11.818815331010228
1166.478359035417 19.818815331010228
1166.6436389012097 27.818815331010228
1166.8089006415325 39.81881533101023
1166.9741442535328 23.818815331010228
1167.1393697343588 27.818815331010228
1167.3045770811582 27.818815331010228
1167.469766291078 47.81881533101023
1167.634937361267 43.81881533101023
1167.800090288872 23.818815331010228
1167.9652250710412 19.818815331010228
1168.130341704922 19.818815331010228
1168.2954401876625 27.818815331010228
1168.4605205164103 31.818815331010228
1168.6255826883125 23.818815331010228
1168.7906267005176 35.81881533101023
1168.9556525501728 51.81881533101023
1169.1206602344262 59.81881533101023
1169.2856497504254 41.81881533101023
1169.450621095318 47.81881533101023
1169.6155742662515 43.81881533101023
1169.780509260374 47.81881533101023
1169.945426074833 47.81881533101023
1170.1103247067765 43.81881533101023
1170.275205153352 39.81881533101023
1170.440067411707 31.818815331010228
1170.6049114789894 39.81881533101023
1170.7697373523472 35.81881533101023
1170.9345450289275 39.81881533101023
1171.0993345058785 43.81881533101023
1171.264105780348 31.818815331010228
1171.428858849483 43.81881533101023
1171.593593710432 35.81881533101023
1171.7583103603422 39.81881533101023
1171.9230087963617 43.81881533101023
1172.0876890156378 43.81881533101023
1172.2523510153187 41.81881533101023
1172.4169947925516 39.81881533101023
1172.5816203444842 47.81881533101023
1172.746227668265 49.81881533101023
1172.9108167610407 51.81881533101023
1173.0753876199599 51.81881533101023
